"Row","Username","Name","LastSeen","Verdict"
"11","dalvarez","Denise Alvarez","2/16/2026 8:24:18 PM","READY"
"12","pnakamura","Peter Nakamura","11/25/2025 8:24:31 PM","READY"
"13","gokonkwo","Grace Okonkwo","3/31/2026 8:24:36 PM","READY"
"15","awhitlock","Aaron Whitlock","4/29/2026 8:24:41 PM","READY"
"16","bferreiro","Bianca Ferreiro","4/13/2026 8:24:45 PM","READY"
"21","tvance","Theresa Vance","5/12/2026 8:24:49 PM","READY"
"22","dmbeki","Douglas Mbeki","4/17/2026 8:24:54 PM","READY"
"24","apetrova","Alina Petrova","5/18/2026 8:24:58 PM","READY"
"25","wcho","Wendell Cho","3/2/2026 8:25:03 PM","READY"
"26","rquaye","Rosalind Quaye","4/4/2026 8:25:07 PM","READY"
"27","mdelacroix","Marcus Delacroix","4/26/2026 8:25:12 PM","READY"
"28","isorokin","Ivan Sorokin","6/2/2026 8:25:16 PM","READY"
"31","lansari","Lucy Ansari","6/6/2026 8:25:20 PM","READY"
"32","bfeld","Bruno Feld","5/26/2026 8:25:26 PM","READY"
"33","yadeyemi","Yusuf Adeyemi","2/3/2026 8:25:30 PM","READY"
"34","test.user","Test Account","11/10/2022 4:27:53 PM","READY"
"35","moyelaran","Marguerite Oyelaran","5/4/2026 8:25:34 PM","READY"
"36","cpetrie","Callum Petrie","4/8/2026 8:25:38 PM","READY"
"37","hyoshida","Hana Yoshida","5/21/2026 8:25:43 PM","READY"
"38","ebergstrom","Elias Bergstrom","3/18/2026 8:25:47 PM","READY"
"39","smarchetti","Sylvia Marchetti","4/22/2026 8:25:52 PM","READY"
"40","nosei","Nathaniel Osei","5/9/2026 8:25:58 PM","READY"
